"Interner Schlüssel";"Hersteller";"Bild";"URL-Pfad";
"108";"#GymJuice";"https://best-nutrition.de/export/hersteller/#GymJuice.jpg";;
"115";"2Bslim";"https://best-nutrition.de/export/hersteller/2Bslim.png";;
"169";"3D";"https://best-nutrition.de/export/hersteller/3D.png";;
"65";"4DN USA";"https://best-nutrition.de/export/hersteller/4DN USA.png";;
"49";"Activlab";"https://best-nutrition.de/export/hersteller/Activlab.jpg";;
"177";"Agrico";"https://best-nutrition.de/export/hersteller/Agrico.png";;
"171";"AK47 Labs";;;
"63";"All Stars";"https://best-nutrition.de/export/hersteller/All Stars.jpg";;
"85";"APS";"https://best-nutrition.de/export/hersteller/APS.png";;
"147";"ASVita";"https://best-nutrition.de/export/hersteller/ASVita.png";;
"93";"AVIVA Nutrition";"https://best-nutrition.de/export/hersteller/AVIVA Nutrition.jpg";;
"176";"AXE & SLEDGE";"https://best-nutrition.de/export/hersteller/AXE & SLEDGE.png";;
"69";"Axis Labs";"https://best-nutrition.de/export/hersteller/Axis Labs.png";;
"136";"B.A.M.";"https://best-nutrition.de/export/hersteller/B.A.M..png";;
"141";"Barebells";"https://best-nutrition.de/export/hersteller/Barebells.png";;
"159";"Battle Oats";"https://best-nutrition.de/export/hersteller/Battle Oats.png";;
"44";"Beast";"https://best-nutrition.de/export/hersteller/Beast.jpg";;
"43";"Best Body";"https://best-nutrition.de/export/hersteller/Best Body.jpg";;
"138";"Best Joy";"https://best-nutrition.de/export/hersteller/Best Joy.png";;
"25";"Betancourt Nutrition";"https://best-nutrition.de/export/hersteller/Betancourt Nutrition.jpg";;
"184";"BioCare";"https://best-nutrition.de/export/hersteller/BioCare.png";;
"34";"BioTech USA";"https://best-nutrition.de/export/hersteller/BioTech USA.jpg";;
"47";"Black-Line";"https://best-nutrition.de/export/hersteller/Black-Line.jpg";"Black-Line";
"124";"Blackline 2.0";"https://best-nutrition.de/export/hersteller/Blackline 2.0.png";;
"134";"Blackstone Labs";"https://best-nutrition.de/export/hersteller/Blackstone Labs.png";;
"64";"BlenderBottle";"https://best-nutrition.de/export/hersteller/BlenderBottle.jpg";;
"57";"Body Attack";"https://best-nutrition.de/export/hersteller/Body Attack.jpg";;
"7";"BPI Sports";"https://best-nutrition.de/export/hersteller/BPI Sports.jpg";"bpi sports";
"120";"BPS-Pharma";"https://best-nutrition.de/export/hersteller/BPS-Pharma.jpg";;
"52";"Brawn Nutrition";"https://best-nutrition.de/export/hersteller/Brawn Nutrition.png";;
"21";"BSN";"https://best-nutrition.de/export/hersteller/BSN.jpg";;
"68";"C.P.Sports";"https://best-nutrition.de/export/hersteller/C.P.Sports.png";;
"29";"Califormian Sports";"https://best-nutrition.de/export/hersteller/Califormian Sports.jpg";;
"161";"Cannabigold";"https://best-nutrition.de/export/hersteller/Cannabigold.jpg";;
"37";"Cellucor";"https://best-nutrition.de/export/hersteller/Cellucor.jpg";;
"61";"ChaosAndPain";"https://best-nutrition.de/export/hersteller/ChaosAndPain.png";;
"103";"Chef Jay´s";"https://best-nutrition.de/export/hersteller/Chef Jay´s.png";;
"3";"Chiba";"https://best-nutrition.de/export/hersteller/Chiba.jpg";;
"97";"Cloma Pharma";"https://best-nutrition.de/export/hersteller/Cloma Pharma.png";;
"15";"Cobra Labs";"https://best-nutrition.de/export/hersteller/Cobra Labs.jpg";;
"170";"Coca-Cola";"https://best-nutrition.de/export/hersteller/Coca-Cola.jpg";;
"39";"Cramer";;;
"173";"CREEP Labs";"https://best-nutrition.de/export/hersteller/CREEP Labs.png";;
"13";"Cytosport";"https://best-nutrition.de/export/hersteller/Cytosport.jpg";;
"36";"Dedicated";"https://best-nutrition.de/export/hersteller/Dedicated.jpg";;
"146";"DNA Anabolics";"https://best-nutrition.de/export/hersteller/DNA Anabolics.png";;
"133";"Dr Zak";"https://best-nutrition.de/export/hersteller/Dr Zak.png";;
"96";"DY Nutrition";"https://best-nutrition.de/export/hersteller/DY Nutrition.jpg";;
"56";"Dymatize";"https://best-nutrition.de/export/hersteller/Dymatize.jpg";;
"180";"Effect";"https://best-nutrition.de/export/hersteller/Effect.jpg";;
"58";"EFX";"https://best-nutrition.de/export/hersteller/EFX.jpg";;
"38";"Energy Cake";"https://best-nutrition.de/export/hersteller/Energy Cake.jpg";;
"89";"EPG";"https://best-nutrition.de/export/hersteller/EPG.jpg";;
"70";"ESN";"https://best-nutrition.de/export/hersteller/ESN.jpg";;
"181";"Evolite Nutrition";"https://best-nutrition.de/export/hersteller/Evolite Nutrition.png";;
"105";"FA - Fitness Authority";"https://best-nutrition.de/export/hersteller/FA - Fitness Authority.jpg";;
"152";"Farma Bialka";"https://best-nutrition.de/export/hersteller/Farma Bialka.png";;
"157";"Fast Fit";;;
"86";"FINAFLEX";"https://best-nutrition.de/export/hersteller/FINAFLEX.png";;
"95";"Fitmark";"https://best-nutrition.de/export/hersteller/Fitmark.jpg";;
"91";"FitMiss";"https://best-nutrition.de/export/hersteller/FitMiss.png";;
"8";"FortiFX Fit";"https://best-nutrition.de/export/hersteller/FortiFX Fit.jpg";"Forifx fit";
"117";"Frankys Bakery";"https://best-nutrition.de/export/hersteller/Frankys Bakery.jpg";;
"140";"FulFill Nutrition";"https://best-nutrition.de/export/hersteller/FulFill Nutrition.png";;
"55";"Full Force";"https://best-nutrition.de/export/hersteller/Full Force.jpg";;
"14";"Gaspari";"https://best-nutrition.de/export/hersteller/Gaspari.jpg";;
"167";"GAT Sport";"https://best-nutrition.de/export/hersteller/GAT Sport.png";;
"158";"GHOST";"https://best-nutrition.de/export/hersteller/GHOST.jpg";;
"2";"GN Labaratories";"https://best-nutrition.de/export/hersteller/GN Labaratories.jpg";"gn labaratories";
"127";"God's Rage";"https://best-nutrition.de/export/hersteller/God's Rage.jpg";;
"48";"Gold´s Gym";"https://best-nutrition.de/export/hersteller/Gold´s Gym.jpg";;
"102";"Goldstar Nutrition";"https://best-nutrition.de/export/hersteller/Goldstar Nutrition.jpg";;
"104";"Gorilla Wear USA";"https://best-nutrition.de/export/hersteller/Gorilla Wear USA.jpg";;
"118";"GOT7 Nutrition";"https://best-nutrition.de/export/hersteller/GOT7 Nutrition.jpg";;
"62";"Grenade";"https://best-nutrition.de/export/hersteller/Grenade.png";;
"125";"Gymqueen";"https://best-nutrition.de/export/hersteller/Gymqueen.jpg";;
"151";"HardRock Supp Co.";"https://best-nutrition.de/export/hersteller/HardRock Supp Co..png";;
"129";"Haya Labs";"https://best-nutrition.de/export/hersteller/Haya Labs.jpg";;
"183";"Himalaya";"https://best-nutrition.de/export/hersteller/Himalaya.jpg";;
"92";"Hi-Tech Pharma";"https://best-nutrition.de/export/hersteller/Hi-Tech Pharma.jpg";;
"130";"Innovative Labs";"https://best-nutrition.de/export/hersteller/Innovative Labs.png";;
"87";"INSANE LABZ";"https://best-nutrition.de/export/hersteller/INSANE LABZ.png";;
"156";"IronMaxx";"https://best-nutrition.de/export/hersteller/IronMaxx.jpg";;
"149";"Isostar";"https://best-nutrition.de/export/hersteller/Isostar.jpg";;
"20";"Jay Cutler";"https://best-nutrition.de/export/hersteller/Jay Cutler.jpg";;
"172";"KDM Liquids";"https://best-nutrition.de/export/hersteller/KDM Liquids.gif";;
"179";"Kevin Levrone";"https://best-nutrition.de/export/hersteller/Kevin Levrone.jpg";;
"107";"Killer Labz";"https://best-nutrition.de/export/hersteller/Killer Labz.png";;
"148";"Lean:Life";;;
"60";"Lecheek Nutrition";"https://best-nutrition.de/export/hersteller/Lecheek Nutrition.jpg";;
"76";"Lenny & Larry";"https://best-nutrition.de/export/hersteller/Lenny & Larry.gif";;
"164";"Liberty Labz";"https://best-nutrition.de/export/hersteller/Liberty Labz.png";;
"144";"Mad Ape Nutrition";"https://best-nutrition.de/export/hersteller/Mad Ape Nutrition.jpg";;
"139";"Madness Nutrition";"https://best-nutrition.de/export/hersteller/Madness Nutrition.jpg";;
"168";"MAN Sports";"https://best-nutrition.de/export/hersteller/MAN Sports.png";;
"112";"MARS inc.";"https://best-nutrition.de/export/hersteller/MARS inc..jpg";;
"106";"Megabol";"https://best-nutrition.de/export/hersteller/Megabol.jpg";;
"90";"ML Nutrition";"https://best-nutrition.de/export/hersteller/ML Nutrition.jpg";;
"160";"Monster Energy";"https://best-nutrition.de/export/hersteller/Monster Energy.jpg";;
"163";"MST";"https://best-nutrition.de/export/hersteller/MST.png";;
"78";"Multipower";"https://best-nutrition.de/export/hersteller/Multipower.jpg";;
"67";"Muscle Junkie";"https://best-nutrition.de/export/hersteller/Muscle Junkie.jpg";;
"123";"Muscle Moose";"https://best-nutrition.de/export/hersteller/Muscle Moose.png";;
"16";"Muscle Pharm";"https://best-nutrition.de/export/hersteller/Muscle Pharm.jpg";;
"32";"MuscleMeds";"https://best-nutrition.de/export/hersteller/MuscleMeds.jpg";;
"46";"Muscletech";"https://best-nutrition.de/export/hersteller/Muscletech.jpg";;
"11";"Mutant";"https://best-nutrition.de/export/hersteller/Mutant.jpg";;
"41";"Mutated Nation";"https://best-nutrition.de/export/hersteller/Mutated Nation.jpg";;
"19";"Myogenix";"https://best-nutrition.de/export/hersteller/Myogenix.jpg";;
"42";"MyShaker";;;
"72";"MySupps";"https://best-nutrition.de/export/hersteller/MySupps.jpg";;
"54";"Nature´s Best";"https://best-nutrition.de/export/hersteller/Nature´s Best.jpg";;
"185";"Natures Aid";"https://best-nutrition.de/export/hersteller/Natures Aid.png";;
"153";"Neuer Hersteller #2";;;
"162";"NextLevel Nutrition - ""ä""";;;
"135";"NOCCO";"https://best-nutrition.de/export/hersteller/NOCCO.jpg";;
"82";"NOVO Nutrition";"https://best-nutrition.de/export/hersteller/NOVO Nutrition.png";;
"142";"NovoX";"https://best-nutrition.de/export/hersteller/NovoX.gif";;
"1";"Now Food";"https://best-nutrition.de/export/hersteller/Now Food.png";;
"188";"Nuclear Nutrition";"https://best-nutrition.de/export/hersteller/Nuclear Nutrition.png";;
"88";"NutraClipse";"https://best-nutrition.de/export/hersteller/NutraClipse.png";;
"131";"Nutramino";"https://best-nutrition.de/export/hersteller/Nutramino.png";;
"119";"NUTREND";"https://best-nutrition.de/export/hersteller/NUTREND.jpg";;
"18";"Nutrex Research";"https://best-nutrition.de/export/hersteller/Nutrex Research.jpg";;
"155";"Nutriair";"https://best-nutrition.de/export/hersteller/Nutriair.jpg";;
"114";"Oatein.";"https://best-nutrition.de/export/hersteller/Oatein..png";;
"6";"Oh Yeah! Nutrition";"https://best-nutrition.de/export/hersteller/Oh Yeah! Nutrition.jpg";;
"187";"Olimp";"https://best-nutrition.de/export/hersteller/Olimp.jpg";;
"113";"Olympus Labs";"https://best-nutrition.de/export/hersteller/Olympus Labs.png";;
"51";"Optimum Nutrition";"https://best-nutrition.de/export/hersteller/Optimum Nutrition.gif";;
"154";"Pablo Labs";;;
"126";"PAM";;;
"4";"Peak";"https://best-nutrition.de/export/hersteller/Peak.jpg";;
"77";"Performance Meals";"https://best-nutrition.de/export/hersteller/Performance Meals.jpg";;
"53";"Pharma First";"https://best-nutrition.de/export/hersteller/Pharma First.jpg";;
"40";"PharmaFreak";"https://best-nutrition.de/export/hersteller/PharmaFreak.jpg";;
"150";"PhD Nutrition";"https://best-nutrition.de/export/hersteller/PhD Nutrition.jpg";;
"45";"PNI";"https://best-nutrition.de/export/hersteller/PNI.png";;
"145";"Primeval Labs";;;
"137";"PROBROWEAR";"https://best-nutrition.de/export/hersteller/PROBROWEAR.jpg";;
"109";"ProFuel";"https://best-nutrition.de/export/hersteller/ProFuel.jpg";;
"10";"ProSupps";"https://best-nutrition.de/export/hersteller/ProSupps.jpg";;
"99";"Protein.Buzz";"https://best-nutrition.de/export/hersteller/Protein.Buzz.jpg";;
"122";"Proteingusto";"https://best-nutrition.de/export/hersteller/Proteingusto.jpg";;
"81";"QNT";"https://best-nutrition.de/export/hersteller/QNT.png";;
"9";"Quest Nutrition";"https://best-nutrition.de/export/hersteller/Quest Nutrition.jpg";;
"100";"Rabid Dogs";"https://best-nutrition.de/export/hersteller/Rabid Dogs.jpg";;
"166";"Redcon1";"https://best-nutrition.de/export/hersteller/Redcon1.png";;
"174";"REIGN";"https://best-nutrition.de/export/hersteller/REIGN.png";;
"116";"Revange Nutrition";"https://best-nutrition.de/export/hersteller/Revange Nutrition.jpg";;
"50";"Rich Piana";"https://best-nutrition.de/export/hersteller/Rich Piana.jpg";;
"31";"Ronnie Coleman";"https://best-nutrition.de/export/hersteller/Ronnie Coleman.gif";;
"74";"SAN";"https://best-nutrition.de/export/hersteller/SAN.jpg";;
"98";"Schwartau";"https://best-nutrition.de/export/hersteller/Schwartau.png";;
"33";"Scitec Nutrition";"https://best-nutrition.de/export/hersteller/Scitec Nutrition.jpg";;
"23";"Scivation";"https://best-nutrition.de/export/hersteller/Scivation.jpg";;
"26";"SmartShake";"https://best-nutrition.de/export/hersteller/SmartShake.jpg";;
"132";"Sparta Nutrition";"https://best-nutrition.de/export/hersteller/Sparta Nutrition.png";;
"121";"Spartan Rage";"https://best-nutrition.de/export/hersteller/Spartan Rage.png";;
"165";"Spider Labz";"https://best-nutrition.de/export/hersteller/Spider Labz.png";;
"12";"Stacker2 Europe";"https://best-nutrition.de/export/hersteller/Stacker2 Europe.jpg";;
"5";"Strimex";"https://best-nutrition.de/export/hersteller/Strimex.jpg";;
"79";"Supashape";"https://best-nutrition.de/export/hersteller/Supashape.jpg";;
"30";"Supreme";"https://best-nutrition.de/export/hersteller/Supreme.jpg";;
"182";"Swanson";"https://best-nutrition.de/export/hersteller/Swanson.png";;
"22";"Tested Nutrition";"https://best-nutrition.de/export/hersteller/Tested Nutrition.jpg";;
"111";"Tested Supps";"https://best-nutrition.de/export/hersteller/Tested Supps.jpg";;
"128";"The Meatmakers";"https://best-nutrition.de/export/hersteller/The Meatmakers.png";;
"80";"Trec Nutrition";"https://best-nutrition.de/export/hersteller/Trec Nutrition.jpg";;
"73";"TrueWhey";"https://best-nutrition.de/export/hersteller/TrueWhey.png";;
"35";"Twinlab";"https://best-nutrition.de/export/hersteller/Twinlab.jpg";;
"17";"Universal Nutrition";"https://best-nutrition.de/export/hersteller/Universal Nutrition.jpg";;
"175";"UPBEAT";"https://best-nutrition.de/export/hersteller/UPBEAT.png";;
"84";"URX";"https://best-nutrition.de/export/hersteller/URX.jpg";;
"94";"USN Ultimate Sport Nutrition";"https://best-nutrition.de/export/hersteller/USN Ultimate Sport Nutrition.jpg";;
"24";"USP labs";"https://best-nutrition.de/export/hersteller/USP labs.jpg";;
"83";"Viper Xtreme";"https://best-nutrition.de/export/hersteller/Viper Xtreme.jpg";;
"186";"Vitamin Well";"https://best-nutrition.de/export/hersteller/Vitamin Well.png";;
"27";"VPX sports";"https://best-nutrition.de/export/hersteller/VPX sports.jpg";;
"75";"Walden Farms";"https://best-nutrition.de/export/hersteller/Walden Farms.png";;
"178";"WEGAIN";"https://best-nutrition.de/export/hersteller/WEGAIN.png";;
"66";"Weider";"https://best-nutrition.de/export/hersteller/Weider.jpg";;
"143";"White Tiger";"https://best-nutrition.de/export/hersteller/White Tiger.jpg";;
